P+R;coordinates
Parkhaus Lichtwiese;49.862966523758494, 8.679959778598263
Parkhaus Landwehrstrasse;49.87807659169792, 8.64136566605662
Bürgerpark/Nordbad;49.887370900918334, 8.661372885219773
Bushaltestelle "Bessunger Forsthaus Jugendhof";49.86455273436762, 8.725913998477735
Stadion Darmstadt;49.857386071542805, 8.669470624770012
Berliner Allee;49.870990686719715, 8.634929608718124
Groß-Gerau, Bahnhof;49.92467800856314, 8.485185113241311
Berliner Allee;49.870990686719715, 8.634929608718124
Groß-Umstadt, Otto-Hahn-Straße;49.87212415010379, 8.91372738560247
Bürgerpark/Nordbad;49.887370900918334, 8.661372885219773
Ostbahnhof;49.874637520547516, 8.67433398385826
Bürgerpark/Nordbad;49.887370900918334, 8.661372885219773
Arheilgen, Dreieichweg (official);49.92064872428099, 8.653869077806311
Arheilgen, Dreieichweg (official);49.92064872428099, 8.653869077806311
